{
  "users": [
    {
      "id": "2335cb93-2014-4ad5-af85-d532b6365dc7",
      "email": "darikus1@gmail.com",
      "password": "darikus1",
      "name": "darikus",
      "categories": []
    },
    {
      "id": "06db5664-8d06-4be2-b82f-d0adc73f3bf4",
      "email": "darikus12@gmail.com",
      "password": "darikus1",
      "name": "dar",
      "categories": [
        {
          "id": "3c535a36-f3bf-457e-8bf9-c6b8bb95beb8",
          "title": "Boxing",
          "imagePath": "/images/1.jpg",
          "items": []
        }
      ]
    },
    {
      "id": "a0cf4640-d96d-4d57-825a-750c22970b70",
      "email": "darikus123@gmail.com",
      "password": "darikus123",
      "name": "darikus",
      "categories": [
        {
          "id": "cc6c1247-a7fe-44ca-9d32-5be4bfcd5702",
          "title": "dar",
          "imagePath": "",
          "items": []
        },
        {
          "id": "0840aa47-4aec-4044-b6d8-33f56c97f6d3",
          "title": "dar",
          "imagePath": "/images/1.jpg",
          "items": []
        },
        {
          "id": "3434330f-4639-46b4-b32d-941067f1c24f",
          "title": "darsd",
          "imagePath": "/images/1.webp",
          "items": [
            {
              "id": "455c2a84-91bf-4c24-b954-2ea740c343f2",
              "title": "Wikdhunst",
              "platform": "steam",
              "genre": "123",
              "year": 2014,
              "rating": 0,
              "imagePath": "/images/1.webp"
            }
          ]
        }
      ]
    },
    {
      "id": "c5b18970-e1e2-40cd-b6b4-41d7ee58f39d",
      "email": "darikus12323@gmail.com",
      "password": "123123Y",
      "name": "darikus",
      "profileImage": "/images/uploads/profiles/ab1d27e3-8101-4b53-95d9-8c467482a341.webp",
      "categories": [
        {
          "id": "af161f6a-66c3-4d53-8f94-6c3dd3b943d4",
          "title": "dwada",
          "imagePath": "/images/uploads/categories/38592b29-dafc-43ee-932b-0acc5bdc09a6.webp",
          "items": []
        }
      ]
    }
  ],
  "categories": [],
  "items": []
}